id,locataire_id,propriete_id,montant,type_paiement,mode_paiement,reference_transaction,date_paiement,date_echeance
1,140,187,104559.0,Caution,MTN MoMo,TXN480082,2025-09-02 09:08:04.362582,2025-10-02 09:08:04.362582
2,143,73,417202.0,Caution,Espèces,TXN854100,2025-09-21 09:08:04.362944,2025-10-21 09:08:04.362944
3,122,160,147347.0,Loyer,Wave,TXN174762,2025-10-06 09:08:04.363175,2025-11-05 09:08:04.363175
4,15,57,1431623.0,Caution,Orange Money,TXN873773,2025-09-18 09:08:04.363366,2025-10-18 09:08:04.363366
5,105,39,78456.0,Frais d'entretien,Espèces,TXN481807,2025-04-20 09:08:04.363550,2025-05-20 09:08:04.363550
6,126,154,22703.0,Frais d'entretien,Chèque,TXN122048,2026-01-16 09:08:04.363771,2026-02-15 09:08:04.363771
7,44,179,46605.0,Eau (SODECI),Chèque,TXN190413,2026-01-31 09:08:04.363967,2026-03-02 09:08:04.363967
8,95,111,87239.0,Loyer,Virement bancaire,TXN902667,2025-08-05 09:08:04.364168,2025-09-04 09:08:04.364168
9,117,111,39688.0,Frais d'entretien,Chèque,TXN243789,2025-05-15 09:08:04.364338,2025-06-14 09:08:04.364338
10,46,128,60054.0,Frais d'entretien,Orange Money,TXN774944,2026-03-04 09:08:04.364502,2026-04-03 09:08:04.364502
11,41,200,199351.0,Frais d'entretien,Wave,TXN644730,2025-10-10 09:08:04.364665,2025-11-09 09:08:04.364665
12,67,16,209686.0,Caution,Espèces,TXN631853,2026-04-12 09:08:04.364831,2026-05-12 09:08:04.364831
13,78,60,25649.0,Eau (SODECI),Orange Money,TXN512815,2026-03-09 09:08:04.365017,2026-04-08 09:08:04.365017
14,138,196,19001.0,Eau (SODECI),Virement bancaire,TXN195948,2025-06-04 09:08:04.365204,2025-07-04 09:08:04.365204
15,77,188,25012.0,Frais d'entretien,MTN MoMo,TXN885208,2025-05-08 09:08:04.365363,2025-06-07 09:08:04.365363
16,66,126,179264.0,Loyer,MTN MoMo,TXN571019,2025-11-03 09:08:04.365519,2025-12-03 09:08:04.365519
17,53,61,38315.0,Eau (SODECI),Espèces,TXN486882,2026-01-31 09:08:04.365681,2026-03-02 09:08:04.365681
18,132,131,230728.0,Caution,Wave,TXN602579,2025-12-27 09:08:04.365830,2026-01-26 09:08:04.365830
19,50,44,92603.0,Frais d'entretien,Espèces,TXN857696,2025-11-30 09:08:04.365995,2025-12-30 09:08:04.365995
20,3,169,491274.0,Caution,Wave,TXN923400,2026-03-15 09:08:04.366168,2026-04-14 09:08:04.366168
21,25,190,136568.0,Loyer,Espèces,TXN110427,2025-10-24 09:08:04.366328,2025-11-23 09:08:04.366328
22,142,165,80276.0,Frais d'entretien,MTN MoMo,TXN483827,2025-05-13 09:08:04.366482,2025-06-12 09:08:04.366482
23,103,112,5931.0,Eau (SODECI),Wave,TXN489515,2025-08-13 09:08:04.366651,2025-09-12 09:08:04.366651
24,94,165,293625.0,Loyer,Wave,TXN855496,2025-09-02 09:08:04.366806,2025-10-02 09:08:04.366806
25,14,152,26556.0,Eau (SODECI),Espèces,TXN238693,2026-02-08 09:08:04.366986,2026-03-10 09:08:04.366986
26,66,115,28645.0,Eau (SODECI),Virement bancaire,TXN611024,2025-05-31 09:08:04.367159,2025-06-30 09:08:04.367159
27,86,107,33147.0,Eau (SODECI),Chèque,TXN637778,2025-06-07 09:08:04.367333,2025-07-07 09:08:04.367333
28,58,37,41368.0,Électricité (CIE),Chèque,TXN788760,2025-11-09 09:08:04.367488,2025-12-09 09:08:04.367488
29,71,50,559881.0,Caution,Chèque,TXN508244,2025-12-01 09:08:04.367657,2025-12-31 09:08:04.367657
30,67,58,49145.0,Loyer,MTN MoMo,TXN171355,2026-03-13 09:08:04.367811,2026-04-12 09:08:04.367811
31,71,112,5613.0,Eau (SODECI),Wave,TXN991934,2025-11-20 09:08:04.367980,2025-12-20 09:08:04.367980
32,78,185,11303.0,Frais d'entretien,Virement bancaire,TXN797437,2025-12-27 09:08:04.368149,2026-01-26 09:08:04.368149
33,45,156,29839.0,Électricité (CIE),MTN MoMo,TXN251617,2025-09-10 09:08:04.368298,2025-10-10 09:08:04.368298
34,58,116,49763.0,Électricité (CIE),Orange Money,TXN698068,2025-04-29 09:08:04.368453,2025-05-29 09:08:04.368453
35,23,197,86006.0,Frais d'entretien,MTN MoMo,TXN474943,2025-08-14 09:08:04.368606,2025-09-13 09:08:04.368606
36,114,115,44528.0,Électricité (CIE),Espèces,TXN283604,2025-04-26 09:08:04.368772,2025-05-26 09:08:04.368772
37,79,150,23484.0,Électricité (CIE),Wave,TXN125283,2025-08-06 09:08:04.368941,2025-09-05 09:08:04.368941
38,140,23,30444.0,Eau (SODECI),Espèces,TXN477342,2025-06-22 09:08:04.369112,2025-07-22 09:08:04.369112
39,62,118,158465.0,Loyer,Espèces,TXN987855,2025-05-26 09:08:04.369274,2025-06-25 09:08:04.369274
40,134,90,36982.0,Frais d'entretien,Chèque,TXN690162,2026-03-10 09:08:04.369432,2026-04-09 09:08:04.369432
41,53,120,366747.0,Caution,MTN MoMo,TXN486099,2025-11-06 09:08:04.369582,2025-12-06 09:08:04.369582
42,105,144,24997.0,Eau (SODECI),Orange Money,TXN854964,2026-01-28 09:08:04.380343,2026-02-27 09:08:04.380343
43,86,45,653208.0,Caution,Virement bancaire,TXN929981,2025-11-07 09:08:04.380561,2025-12-07 09:08:04.380561
44,85,17,16337.0,Électricité (CIE),Virement bancaire,TXN916761,2025-09-04 09:08:04.380770,2025-10-04 09:08:04.380770
45,12,121,281258.0,Loyer,Virement bancaire,TXN977802,2026-01-01 09:08:04.380987,2026-01-31 09:08:04.380987
46,21,110,591825.0,Caution,Orange Money,TXN691834,2026-01-24 09:08:04.381184,2026-02-23 09:08:04.381184
47,121,130,1050335.0,Caution,Chèque,TXN230395,2025-12-18 09:08:04.381362,2026-01-17 09:08:04.381362
48,37,65,9418.0,Électricité (CIE),Espèces,TXN458959,2026-03-15 09:08:04.381525,2026-04-14 09:08:04.381525
49,138,162,173392.0,Loyer,Espèces,TXN339924,2025-12-02 09:08:04.381706,2026-01-01 09:08:04.381706
50,9,120,74297.0,Frais d'entretien,Espèces,TXN815406,2026-01-25 09:08:04.381888,2026-02-24 09:08:04.381888
51,89,76,2303204.0,Caution,Chèque,TXN438941,2026-03-07 09:08:04.382089,2026-04-06 09:08:04.382089
52,19,50,218422.0,Loyer,Chèque,TXN108740,2026-02-17 09:08:04.382253,2026-03-19 09:08:04.382253
53,70,10,733391.0,Caution,MTN MoMo,TXN156783,2025-09-25 09:08:04.382418,2025-10-25 09:08:04.382418
54,4,151,29527.0,Électricité (CIE),Wave,TXN694918,2026-01-21 09:08:04.382605,2026-02-20 09:08:04.382605
55,128,101,3670679.0,Caution,Espèces,TXN706743,2025-04-25 09:08:04.382786,2025-05-25 09:08:04.382786
56,95,162,21540.0,Eau (SODECI),Wave,TXN910324,2025-11-24 09:08:04.382975,2025-12-24 09:08:04.382975
57,10,199,25265.0,Eau (SODECI),Espèces,TXN494868,2025-12-04 09:08:04.383163,2026-01-03 09:08:04.383163
58,87,87,496100.0,Caution,Orange Money,TXN667136,2026-04-17 09:08:04.383332,2026-05-17 09:08:04.383332
59,114,109,42285.0,Électricité (CIE),Orange Money,TXN448600,2025-10-07 09:08:04.383549,2025-11-06 09:08:04.383549
60,126,38,13974.0,Eau (SODECI),Espèces,TXN652495,2025-09-17 09:08:04.383750,2025-10-17 09:08:04.383750
61,127,199,36557.0,Eau (SODECI),MTN MoMo,TXN162431,2025-12-28 09:08:04.383954,2026-01-27 09:08:04.383954
62,48,160,311958.0,Caution,Espèces,TXN620249,2025-09-26 09:08:04.384143,2025-10-26 09:08:04.384143
63,45,184,165968.0,Caution,MTN MoMo,TXN492903,2026-03-29 09:08:04.384306,2026-04-28 09:08:04.384306
64,9,117,59585.0,Frais d'entretien,Espèces,TXN519390,2025-08-17 09:08:04.384464,2025-09-16 09:08:04.384464
65,91,36,11679.0,Électricité (CIE),Chèque,TXN436727,2025-11-18 09:08:04.384612,2025-12-18 09:08:04.384612
66,94,7,34046.0,Frais d'entretien,Espèces,TXN417403,2026-01-04 09:08:04.384779,2026-02-03 09:08:04.384779
67,54,144,282403.0,Loyer,Espèces,TXN212828,2025-12-20 09:08:04.384958,2026-01-19 09:08:04.384958
68,44,193,28530.0,Eau (SODECI),Wave,TXN923451,2025-12-01 09:08:04.385154,2025-12-31 09:08:04.385154
69,22,111,21005.0,Eau (SODECI),Virement bancaire,TXN274092,2025-12-10 09:08:04.385395,2026-01-09 09:08:04.385395
70,1,183,192606.0,Caution,Virement bancaire,TXN251677,2026-04-11 09:08:04.385611,2026-05-11 09:08:04.385611
71,133,30,68529.0,Frais d'entretien,Chèque,TXN593281,2026-01-01 09:08:04.385793,2026-01-31 09:08:04.385793
72,127,105,35725.0,Eau (SODECI),Wave,TXN523528,2026-02-08 09:08:04.386000,2026-03-10 09:08:04.386000
73,95,166,395280.0,Caution,MTN MoMo,TXN749306,2026-02-26 09:08:04.386193,2026-03-28 09:08:04.386193
74,17,158,250235.0,Caution,MTN MoMo,TXN413611,2025-07-19 09:08:04.386362,2025-08-18 09:08:04.386362
75,85,67,37878.0,Eau (SODECI),MTN MoMo,TXN863171,2025-07-23 09:08:04.386532,2025-08-22 09:08:04.386532
76,50,188,11599.0,Électricité (CIE),MTN MoMo,TXN104029,2025-04-24 09:08:04.386700,2025-05-24 09:08:04.386700
77,62,124,22523.0,Électricité (CIE),Virement bancaire,TXN364116,2025-08-18 09:08:04.386858,2025-09-17 09:08:04.386858
78,105,65,24856.0,Frais d'entretien,Chèque,TXN966203,2025-06-09 09:08:04.387045,2025-07-09 09:08:04.387045
79,74,122,66779.0,Frais d'entretien,Virement bancaire,TXN861722,2025-11-25 09:08:04.387220,2025-12-25 09:08:04.387220
80,5,91,1177222.0,Caution,Chèque,TXN679023,2025-05-31 09:08:04.387380,2025-06-30 09:08:04.387380
81,55,61,21428.0,Eau (SODECI),Orange Money,TXN785958,2025-07-11 09:08:04.387535,2025-08-10 09:08:04.387535
82,6,81,15635.0,Frais d'entretien,Orange Money,TXN580923,2025-05-29 09:08:04.387697,2025-06-28 09:08:04.387697
83,74,103,41726.0,Eau (SODECI),Espèces,TXN697416,2025-08-07 09:08:04.387849,2025-09-06 09:08:04.387849
84,25,155,13985.0,Eau (SODECI),Wave,TXN775549,2025-10-09 09:08:04.388030,2025-11-08 09:08:04.388030
85,125,11,107529.0,Loyer,Virement bancaire,TXN396423,2025-05-04 09:08:04.388198,2025-06-03 09:08:04.388198
86,34,179,554058.0,Loyer,Wave,TXN853107,2025-09-21 09:08:04.388355,2025-10-21 09:08:04.388355
87,26,34,71747.0,Électricité (CIE),Orange Money,TXN395413,2025-06-28 09:08:04.388504,2025-07-28 09:08:04.388504
88,118,194,198781.0,Loyer,Virement bancaire,TXN966599,2025-07-08 09:08:04.388670,2025-08-07 09:08:04.388670
89,98,25,170704.0,Eau (SODECI),Wave,TXN457988,2025-10-03 09:08:04.388827,2025-11-02 09:08:04.388827
90,12,91,661137.0,Loyer,Virement bancaire,TXN335911,2026-02-23 09:08:04.388998,2026-03-25 09:08:04.388998
91,100,86,385715.0,Caution,Orange Money,TXN157849,2026-03-16 09:08:04.389174,2026-04-15 09:08:04.389174
92,104,93,43197.0,Eau (SODECI),Wave,TXN884142,2026-01-22 09:08:04.389346,2026-02-21 09:08:04.389346
93,14,133,87533.0,Frais d'entretien,Wave,TXN729262,2025-12-29 09:08:04.389544,2026-01-28 09:08:04.389544
94,61,34,599701.0,Caution,MTN MoMo,TXN930609,2026-01-02 09:08:04.400370,2026-02-01 09:08:04.400370
95,139,2,42801.0,Électricité (CIE),Orange Money,TXN943870,2025-10-30 09:08:04.400645,2025-11-29 09:08:04.400645
96,22,2,318625.0,Caution,Chèque,TXN793565,2025-07-26 09:08:04.400824,2025-08-25 09:08:04.400824
97,31,16,22617.0,Électricité (CIE),Espèces,TXN544491,2025-05-29 09:08:04.401025,2025-06-28 09:08:04.401025
98,105,67,604026.0,Loyer,Chèque,TXN308215,2025-06-05 09:08:04.401236,2025-07-05 09:08:04.401236
99,49,98,255505.0,Caution,Wave,TXN210432,2026-02-05 09:08:04.401398,2026-03-07 09:08:04.401398
100,35,149,108770.0,Loyer,Wave,TXN215351,2026-01-18 09:08:04.401557,2026-02-17 09:08:04.401557
101,57,108,46632.0,Électricité (CIE),Chèque,TXN704970,2026-02-02 09:08:04.401792,2026-03-04 09:08:04.401792
102,126,25,12699.0,Eau (SODECI),MTN MoMo,TXN684668,2026-01-07 09:08:04.402043,2026-02-06 09:08:04.402043
103,19,162,178600.0,Loyer,MTN MoMo,TXN204778,2025-11-20 09:08:04.402241,2025-12-20 09:08:04.402241
104,6,84,75773.0,Frais d'entretien,MTN MoMo,TXN661639,2026-04-11 09:08:04.402403,2026-05-11 09:08:04.402403
105,97,134,819231.0,Caution,Wave,TXN372770,2025-07-27 09:08:04.402557,2025-08-26 09:08:04.402557
106,55,59,218785.0,Loyer,Virement bancaire,TXN276085,2025-07-16 09:08:04.402732,2025-08-15 09:08:04.402732
107,66,66,40805.0,Eau (SODECI),MTN MoMo,TXN971538,2025-05-23 09:08:04.402908,2025-06-22 09:08:04.402908
108,101,28,92289.0,Eau (SODECI),Chèque,TXN251718,2025-06-19 09:08:04.403081,2025-07-19 09:08:04.403081
109,131,1,1482993.0,Caution,MTN MoMo,TXN109007,2025-10-07 09:08:04.403252,2025-11-06 09:08:04.403252
110,69,18,31382.0,Eau (SODECI),Chèque,TXN676270,2025-05-15 09:08:04.403420,2025-06-14 09:08:04.403420
111,67,144,85105.0,Frais d'entretien,Orange Money,TXN270073,2025-07-14 09:08:04.403578,2025-08-13 09:08:04.403578
112,14,1,43990.0,Frais d'entretien,Wave,TXN424766,2025-11-10 09:08:04.403754,2025-12-10 09:08:04.403754
113,5,66,15089.0,Électricité (CIE),Chèque,TXN635333,2025-08-04 09:08:04.403924,2025-09-03 09:08:04.403924
114,6,181,46219.0,Eau (SODECI),Chèque,TXN801655,2025-06-07 09:08:04.404095,2025-07-07 09:08:04.404095
115,34,13,82896.0,Frais d'entretien,Virement bancaire,TXN302772,2025-09-06 09:08:04.404258,2025-10-06 09:08:04.404258
116,112,16,118582.0,Loyer,Wave,TXN579185,2025-12-12 09:08:04.404427,2026-01-11 09:08:04.404427
117,118,102,28895.0,Électricité (CIE),Orange Money,TXN908548,2025-06-27 09:08:04.404586,2025-07-27 09:08:04.404586
118,117,54,112647.0,Caution,Wave,TXN971838,2025-05-21 09:08:04.404760,2025-06-20 09:08:04.404760
119,103,131,28615.0,Frais d'entretien,MTN MoMo,TXN283489,2025-11-28 09:08:04.404937,2025-12-28 09:08:04.404937
120,125,7,27689.0,Électricité (CIE),MTN MoMo,TXN638962,2025-06-20 09:08:04.405116,2025-07-20 09:08:04.405116
121,139,13,40766.0,Électricité (CIE),Espèces,TXN422651,2026-03-05 09:08:04.405306,2026-04-04 09:08:04.405306
122,141,191,17967.0,Électricité (CIE),Chèque,TXN199007,2025-06-01 09:08:04.405478,2025-07-01 09:08:04.405478
123,127,193,401191.0,Loyer,Virement bancaire,TXN968843,2026-03-01 09:08:04.405647,2026-03-31 09:08:04.405647
124,53,194,5874.0,Électricité (CIE),Espèces,TXN813920,2026-02-27 09:08:04.405810,2026-03-29 09:08:04.405810
125,3,16,77302.0,Électricité (CIE),Virement bancaire,TXN685761,2026-01-04 09:08:04.405981,2026-02-03 09:08:04.405981
126,80,69,52756.0,Frais d'entretien,Virement bancaire,TXN681432,2025-08-23 09:08:04.406145,2025-09-22 09:08:04.406145
127,35,11,154554.0,Caution,Virement bancaire,TXN678073,2025-07-02 09:08:04.406304,2025-08-01 09:08:04.406304
128,113,28,1112351.0,Loyer,Espèces,TXN218323,2025-05-06 09:08:04.406487,2025-06-05 09:08:04.406487
129,145,28,45934.0,Frais d'entretien,Espèces,TXN354045,2025-09-11 09:08:04.406676,2025-10-11 09:08:04.406676
130,95,162,25321.0,Eau (SODECI),Espèces,TXN181264,2026-02-02 09:08:04.406840,2026-03-04 09:08:04.406840
131,11,185,44283.0,Électricité (CIE),Espèces,TXN846213,2025-06-22 09:08:04.407024,2025-07-22 09:08:04.407024
132,41,15,43908.0,Eau (SODECI),MTN MoMo,TXN524311,2025-10-30 09:08:04.407223,2025-11-29 09:08:04.407223
133,57,97,1381529.0,Loyer,Virement bancaire,TXN981340,2025-06-09 09:08:04.407391,2025-07-09 09:08:04.407391
134,76,176,57806.0,Frais d'entretien,Chèque,TXN835416,2025-04-25 09:08:04.407559,2025-05-25 09:08:04.407559
135,77,26,46803.0,Frais d'entretien,Chèque,TXN501195,2025-12-21 09:08:04.407729,2026-01-20 09:08:04.407729
136,86,15,38754.0,Électricité (CIE),Virement bancaire,TXN583447,2026-02-02 09:08:04.407901,2026-03-04 09:08:04.407901
137,66,123,447609.0,Loyer,Virement bancaire,TXN806447,2026-04-09 09:08:04.408068,2026-05-09 09:08:04.408068
138,26,79,2232583.0,Caution,Chèque,TXN298076,2026-04-12 09:08:04.408241,2026-05-12 09:08:04.408241
139,8,35,92672.0,Frais d'entretien,Chèque,TXN424645,2025-12-27 09:08:04.408399,2026-01-26 09:08:04.408399
140,6,56,9970.0,Électricité (CIE),Chèque,TXN341257,2026-02-10 09:08:04.408554,2026-03-12 09:08:04.408554
141,139,160,22475.0,Électricité (CIE),Virement bancaire,TXN169046,2025-11-20 09:08:04.408718,2025-12-20 09:08:04.408718
142,74,101,37464.0,Eau (SODECI),Orange Money,TXN283813,2026-02-26 09:08:04.408879,2026-03-28 09:08:04.408879
143,144,77,532162.0,Caution,Orange Money,TXN882859,2025-10-19 09:08:04.409047,2025-11-18 09:08:04.409047
144,36,134,591397.0,Caution,Virement bancaire,TXN213692,2025-05-16 09:08:04.409209,2025-06-15 09:08:04.409209
145,85,39,474503.0,Caution,MTN MoMo,TXN194302,2025-12-09 09:08:04.409365,2026-01-08 09:08:04.409365
146,58,19,763859.0,Caution,Orange Money,TXN825791,2025-04-29 09:08:04.409538,2025-05-29 09:08:04.409538
147,130,99,193914.0,Loyer,Orange Money,TXN524047,2025-12-20 09:08:04.420351,2026-01-19 09:08:04.420351
148,58,58,35808.0,Électricité (CIE),Orange Money,TXN594412,2026-01-08 09:08:04.420631,2026-02-07 09:08:04.420631
149,127,90,62135.0,Frais d'entretien,Virement bancaire,TXN733994,2025-06-07 09:08:04.420831,2025-07-07 09:08:04.420831
150,109,50,41247.0,Eau (SODECI),MTN MoMo,TXN491070,2026-03-17 09:08:04.421024,2026-04-16 09:08:04.421024
151,68,179,838623.0,Caution,Virement bancaire,TXN902716,2026-03-08 09:08:04.421204,2026-04-07 09:08:04.421204
152,103,159,13763.0,Eau (SODECI),Espèces,TXN725689,2026-01-08 09:08:04.421373,2026-02-07 09:08:04.421373
153,1,90,39527.0,Électricité (CIE),Orange Money,TXN213719,2026-02-17 09:08:04.421529,2026-03-19 09:08:04.421529
154,13,130,25848.0,Électricité (CIE),Virement bancaire,TXN669707,2025-09-08 09:08:04.421729,2025-10-08 09:08:04.421729
155,102,64,2054701.0,Caution,Espèces,TXN570928,2026-01-13 09:08:04.421957,2026-02-12 09:08:04.421957
156,69,18,45601.0,Eau (SODECI),Wave,TXN979586,2025-11-10 09:08:04.422187,2025-12-10 09:08:04.422187
157,55,192,50138.0,Frais d'entretien,Wave,TXN611554,2026-02-19 09:08:04.422369,2026-03-21 09:08:04.422369
158,25,185,69868.0,Frais d'entretien,Orange Money,TXN913663,2026-03-15 09:08:04.422528,2026-04-14 09:08:04.422528
159,46,186,21471.0,Eau (SODECI),Orange Money,TXN481795,2026-04-14 09:08:04.422690,2026-05-14 09:08:04.422690
160,120,135,50963.0,Frais d'entretien,Wave,TXN435841,2026-04-10 09:08:04.422839,2026-05-10 09:08:04.422839
161,93,67,56354.0,Frais d'entretien,Wave,TXN467359,2025-07-07 09:08:04.423016,2025-08-06 09:08:04.423016
162,42,6,43851.0,Eau (SODECI),Orange Money,TXN748108,2026-03-03 09:08:04.423190,2026-04-02 09:08:04.423190
163,80,24,55453.0,Frais d'entretien,Espèces,TXN512211,2025-12-18 09:08:04.423354,2026-01-17 09:08:04.423354
164,23,4,638816.0,Caution,Chèque,TXN516120,2025-05-24 09:08:04.423512,2025-06-23 09:08:04.423512
165,108,77,85260.0,Frais d'entretien,Wave,TXN572724,2025-11-09 09:08:04.423750,2025-12-09 09:08:04.423750
166,40,44,419495.0,Caution,Virement bancaire,TXN154649,2025-06-15 09:08:04.423978,2025-07-15 09:08:04.423978
167,118,182,883288.0,Caution,Orange Money,TXN618420,2025-12-08 09:08:04.424161,2026-01-07 09:08:04.424161
168,2,64,47412.0,Eau (SODECI),MTN MoMo,TXN802919,2025-06-02 09:08:04.424314,2025-07-02 09:08:04.424314
169,38,133,39834.0,Eau (SODECI),Orange Money,TXN150015,2025-08-18 09:08:04.424472,2025-09-17 09:08:04.424472
170,143,131,315768.0,Caution,Wave,TXN610255,2026-03-04 09:08:04.424626,2026-04-03 09:08:04.424626
171,144,88,39845.0,Eau (SODECI),Wave,TXN866009,2025-10-06 09:08:04.424787,2025-11-05 09:08:04.424787
172,96,145,1470134.0,Caution,Espèces,TXN313750,2025-12-13 09:08:04.424971,2026-01-12 09:08:04.424971
173,21,175,179414.0,Loyer,Wave,TXN456480,2025-05-30 09:08:04.425171,2025-06-29 09:08:04.425171
174,142,72,27808.0,Frais d'entretien,Espèces,TXN487853,2025-08-02 09:08:04.425330,2025-09-01 09:08:04.425330
175,147,60,112834.0,Loyer,Virement bancaire,TXN932301,2025-10-20 09:08:04.425495,2025-11-19 09:08:04.425495
176,25,198,40752.0,Eau (SODECI),Wave,TXN803445,2025-10-27 09:08:04.425674,2025-11-26 09:08:04.425674
177,141,23,84312.0,Frais d'entretien,Chèque,TXN910098,2025-10-22 09:08:04.425916,2025-11-21 09:08:04.425916
178,110,64,832549.0,Loyer,Virement bancaire,TXN767088,2025-11-19 09:08:04.426115,2025-12-19 09:08:04.426115
179,13,22,50355.0,Frais d'entretien,Virement bancaire,TXN321840,2026-03-08 09:08:04.426303,2026-04-07 09:08:04.426303
180,70,116,217255.0,Loyer,Virement bancaire,TXN463588,2025-10-03 09:08:04.426465,2025-11-02 09:08:04.426465
181,56,85,37100.0,Frais d'entretien,MTN MoMo,TXN225047,2025-11-08 09:08:04.426626,2025-12-08 09:08:04.426626
182,109,124,43279.0,Électricité (CIE),MTN MoMo,TXN537054,2025-12-18 09:08:04.426790,2026-01-17 09:08:04.426790
183,140,8,5677.0,Électricité (CIE),Espèces,TXN950550,2025-08-21 09:08:04.426983,2025-09-20 09:08:04.426983
184,142,54,54128.0,Loyer,Chèque,TXN981647,2026-04-12 09:08:04.427151,2026-05-12 09:08:04.427151
185,80,194,33770.0,Eau (SODECI),Virement bancaire,TXN615920,2025-07-12 09:08:04.427313,2025-08-11 09:08:04.427313
186,34,138,9488.0,Électricité (CIE),Espèces,TXN684895,2025-09-15 09:08:04.427460,2025-10-15 09:08:04.427460
187,78,167,229629.0,Loyer,Virement bancaire,TXN124051,2026-01-25 09:08:04.427614,2026-02-24 09:08:04.427614
188,61,197,13518.0,Électricité (CIE),Orange Money,TXN827014,2025-08-27 09:08:04.427783,2025-09-26 09:08:04.427783
189,19,184,55697.0,Loyer,Virement bancaire,TXN958822,2025-06-21 09:08:04.427952,2025-07-21 09:08:04.427952
190,145,185,222407.0,Loyer,Virement bancaire,TXN673667,2025-10-11 09:08:04.428119,2025-11-10 09:08:04.428119
191,57,15,31321.0,Eau (SODECI),Virement bancaire,TXN795196,2026-01-18 09:08:04.428276,2026-02-17 09:08:04.428276
192,122,182,32346.0,Électricité (CIE),Chèque,TXN937187,2026-01-20 09:08:04.428424,2026-02-19 09:08:04.428424
193,146,63,58289.0,Électricité (CIE),Virement bancaire,TXN353549,2026-01-23 09:08:04.428573,2026-02-22 09:08:04.428573
194,30,140,16740.0,Électricité (CIE),Espèces,TXN705742,2026-04-13 09:08:04.428742,2026-05-13 09:08:04.428742
195,51,75,641143.0,Caution,Chèque,TXN536340,2025-05-02 09:08:04.428917,2025-06-01 09:08:04.428917
196,141,176,216304.0,Loyer,Orange Money,TXN686858,2026-01-01 09:08:04.429120,2026-01-31 09:08:04.429120
197,2,137,24826.0,Eau (SODECI),Espèces,TXN770480,2026-01-08 09:08:04.429297,2026-02-07 09:08:04.429297
198,41,94,94715.0,Loyer,Wave,TXN656138,2025-07-01 09:08:04.429458,2025-07-31 09:08:04.429458
199,74,23,85144.0,Frais d'entretien,Chèque,TXN773280,2025-10-25 09:08:04.429612,2025-11-24 09:08:04.429612
200,44,119,65201.0,Loyer,Chèque,TXN491050,2025-11-29 09:08:04.440524,2025-12-29 09:08:04.440524
201,125,111,90457.0,Loyer,Orange Money,TXN822560,2025-06-17 09:08:04.440750,2025-07-17 09:08:04.440750
202,85,94,17976.0,Eau (SODECI),Espèces,TXN544699,2025-09-09 09:08:04.440965,2025-10-09 09:08:04.440965
203,61,138,33361.0,Eau (SODECI),Virement bancaire,TXN284633,2025-10-22 09:08:04.441187,2025-11-21 09:08:04.441187
204,25,168,897914.0,Loyer,Orange Money,TXN696079,2025-07-02 09:08:04.441382,2025-08-01 09:08:04.441382
205,26,145,22249.0,Électricité (CIE),Espèces,TXN650418,2026-02-14 09:08:04.441548,2026-03-16 09:08:04.441548
206,39,95,393073.0,Loyer,Orange Money,TXN841741,2025-07-14 09:08:04.441717,2025-08-13 09:08:04.441717
207,41,73,8371.0,Eau (SODECI),Orange Money,TXN646741,2025-08-27 09:08:04.441890,2025-09-26 09:08:04.441890
208,84,97,21107.0,Frais d'entretien,Espèces,TXN647589,2025-09-02 09:08:04.442078,2025-10-02 09:08:04.442078
209,3,22,774677.0,Loyer,Wave,TXN707697,2026-01-09 09:08:04.442239,2026-02-08 09:08:04.442239
210,111,171,38666.0,Eau (SODECI),Espèces,TXN811372,2025-05-16 09:08:04.442403,2025-06-15 09:08:04.442403
211,41,49,5549.0,Eau (SODECI),Orange Money,TXN746379,2025-11-16 09:08:04.442563,2025-12-16 09:08:04.442563
212,64,113,373654.0,Loyer,Orange Money,TXN893338,2025-09-21 09:08:04.442729,2025-10-21 09:08:04.442729
213,110,133,607174.0,Caution,Chèque,TXN631359,2026-01-11 09:08:04.442899,2026-02-10 09:08:04.442899
214,74,183,120704.0,Frais d'entretien,MTN MoMo,TXN249065,2026-01-14 09:08:04.443117,2026-02-13 09:08:04.443117
215,26,114,9541.0,Électricité (CIE),Virement bancaire,TXN455736,2025-09-09 09:08:04.443311,2025-10-09 09:08:04.443311
216,53,63,431932.0,Loyer,MTN MoMo,TXN539016,2025-11-26 09:08:04.443487,2025-12-26 09:08:04.443487
217,93,49,22186.0,Frais d'entretien,Orange Money,TXN138388,2026-04-08 09:08:04.443658,2026-05-08 09:08:04.443658
218,45,139,17815.0,Frais d'entretien,Wave,TXN436211,2025-10-22 09:08:04.443814,2025-11-21 09:08:04.443814
219,42,11,99457.0,Loyer,Virement bancaire,TXN822125,2025-07-16 09:08:04.444011,2025-08-15 09:08:04.444011
220,67,190,32575.0,Eau (SODECI),Wave,TXN501713,2025-12-17 09:08:04.444193,2026-01-16 09:08:04.444193
221,59,121,273696.0,Loyer,Virement bancaire,TXN208970,2025-09-10 09:08:04.444343,2025-10-10 09:08:04.444343
222,24,49,6145.0,Eau (SODECI),Virement bancaire,TXN663952,2025-11-26 09:08:04.444527,2025-12-26 09:08:04.444527
223,131,124,142546.0,Loyer,Virement bancaire,TXN168176,2025-10-13 09:08:04.444739,2025-11-12 09:08:04.444739
224,116,191,688899.0,Caution,Chèque,TXN699110,2025-10-16 09:08:04.444923,2025-11-15 09:08:04.444923
225,21,97,6646.0,Électricité (CIE),MTN MoMo,TXN959559,2026-01-29 09:08:04.445093,2026-02-28 09:08:04.445093
226,1,132,397683.0,Caution,Wave,TXN266652,2026-01-08 09:08:04.445255,2026-02-07 09:08:04.445255
227,48,28,1097238.0,Loyer,Espèces,TXN821591,2025-10-22 09:08:04.445408,2025-11-21 09:08:04.445408
228,6,167,34100.0,Électricité (CIE),Virement bancaire,TXN742163,2025-08-22 09:08:04.445566,2025-09-21 09:08:04.445566
229,132,166,26788.0,Frais d'entretien,Wave,TXN976036,2025-08-01 09:08:04.445786,2025-08-31 09:08:04.445786
230,45,107,380586.0,Loyer,MTN MoMo,TXN407743,2026-03-06 09:08:04.446007,2026-04-05 09:08:04.446007
231,26,85,27031.0,Frais d'entretien,Espèces,TXN848246,2025-10-11 09:08:04.446191,2025-11-10 09:08:04.446191
232,125,132,18166.0,Frais d'entretien,Chèque,TXN515068,2025-10-03 09:08:04.446349,2025-11-02 09:08:04.446349
233,133,29,35651.0,Électricité (CIE),Chèque,TXN671680,2026-01-16 09:08:04.446499,2026-02-15 09:08:04.446499
234,107,192,6848.0,Électricité (CIE),Wave,TXN829247,2026-01-10 09:08:04.446668,2026-02-09 09:08:04.446668
235,147,197,1054089.0,Loyer,Espèces,TXN758160,2026-02-05 09:08:04.446829,2026-03-07 09:08:04.446829
236,115,104,40695.0,Frais d'entretien,Chèque,TXN563961,2025-09-17 09:08:04.447106,2025-10-17 09:08:04.447106
237,17,10,840898.0,Caution,Espèces,TXN132606,2025-12-22 09:08:04.447337,2026-01-21 09:08:04.447337
238,80,173,19577.0,Eau (SODECI),Wave,TXN971867,2026-03-27 09:08:04.447510,2026-04-26 09:08:04.447510
239,27,189,28139.0,Eau (SODECI),Virement bancaire,TXN148409,2026-01-14 09:08:04.447693,2026-02-13 09:08:04.447693
240,119,37,43759.0,Électricité (CIE),Orange Money,TXN522579,2026-03-23 09:08:04.447858,2026-04-22 09:08:04.447858
241,65,138,21850.0,Eau (SODECI),Espèces,TXN890223,2025-07-23 09:08:04.448053,2025-08-22 09:08:04.448053
242,68,167,8711.0,Eau (SODECI),Chèque,TXN866298,2025-04-21 09:08:04.448221,2025-05-21 09:08:04.448221
243,61,51,1387256.0,Caution,Wave,TXN883691,2026-02-17 09:08:04.448391,2026-03-19 09:08:04.448391
244,15,166,185238.0,Eau (SODECI),Virement bancaire,TXN594049,2025-10-27 09:08:04.448549,2025-11-26 09:08:04.448549
245,86,171,71960.0,Frais d'entretien,Virement bancaire,TXN696505,2025-05-17 09:08:04.448728,2025-06-16 09:08:04.448728
246,100,78,44311.0,Frais d'entretien,Virement bancaire,TXN825551,2025-10-06 09:08:04.448910,2025-11-05 09:08:04.448910
247,31,128,24461.0,Eau (SODECI),Wave,TXN213351,2025-06-28 09:08:04.449091,2025-07-28 09:08:04.449091
248,43,107,375318.0,Loyer,Espèces,TXN962139,2025-09-20 09:08:04.449272,2025-10-20 09:08:04.449272
249,93,178,137224.0,Caution,Espèces,TXN506644,2025-08-22 09:08:04.449441,2025-09-21 09:08:04.449441
250,120,116,23874.0,Eau (SODECI),Virement bancaire,TXN411892,2025-05-02 09:08:04.449602,2025-06-01 09:08:04.449602
251,93,106,163429.0,Loyer,MTN MoMo,TXN513402,2025-06-24 09:08:04.449784,2025-07-24 09:08:04.449784
252,16,82,106772.0,Loyer,Wave,TXN467224,2025-12-22 09:08:04.449969,2026-01-21 09:08:04.449969
253,111,83,29641.0,Eau (SODECI),Orange Money,TXN604190,2025-08-01 09:08:04.450146,2025-08-31 09:08:04.450146
254,17,43,1238882.0,Caution,Espèces,TXN133027,2026-01-26 09:08:04.450306,2026-02-25 09:08:04.450306
255,13,6,295178.0,Loyer,Chèque,TXN821150,2025-11-09 09:08:04.450470,2025-12-09 09:08:04.450470
256,18,125,221995.0,Loyer,Wave,TXN875912,2026-02-21 09:08:04.450629,2026-03-23 09:08:04.450629
257,91,16,5329.0,Eau (SODECI),Wave,TXN860218,2025-09-29 09:08:04.460443,2025-10-29 09:08:04.460443
258,145,185,49689.0,Frais d'entretien,Orange Money,TXN729056,2026-03-11 09:08:04.460665,2026-04-10 09:08:04.460665
259,68,142,49781.0,Eau (SODECI),Espèces,TXN975225,2025-09-08 09:08:04.460852,2025-10-08 09:08:04.460852
260,9,131,67209.0,Frais d'entretien,Orange Money,TXN893212,2025-10-27 09:08:04.461052,2025-11-26 09:08:04.461052
261,35,90,395554.0,Caution,Orange Money,TXN902253,2025-04-29 09:08:04.461254,2025-05-29 09:08:04.461254
262,102,154,134165.0,Loyer,Virement bancaire,TXN551218,2025-10-25 09:08:04.461463,2025-11-24 09:08:04.461463
263,140,136,309980.0,Loyer,Virement bancaire,TXN118234,2025-11-09 09:08:04.461650,2025-12-09 09:08:04.461650
264,60,52,20865.0,Électricité (CIE),MTN MoMo,TXN967590,2025-07-18 09:08:04.461822,2025-08-17 09:08:04.461822
265,4,137,36992.0,Électricité (CIE),Orange Money,TXN599065,2026-03-09 09:08:04.462012,2026-04-08 09:08:04.462012
266,25,36,552448.0,Caution,Chèque,TXN379849,2026-02-13 09:08:04.462213,2026-03-15 09:08:04.462213
267,129,153,38796.0,Frais d'entretien,Chèque,TXN748388,2025-08-17 09:08:04.462385,2025-09-16 09:08:04.462385
268,104,132,149102.0,Loyer,Orange Money,TXN467670,2025-09-08 09:08:04.462559,2025-10-08 09:08:04.462559
269,118,41,42720.0,Eau (SODECI),Wave,TXN534597,2026-01-20 09:08:04.462732,2026-02-19 09:08:04.462732
270,136,80,24415.0,Électricité (CIE),MTN MoMo,TXN125628,2025-08-03 09:08:04.462916,2025-09-02 09:08:04.462916
271,75,74,296004.0,Loyer,Virement bancaire,TXN698472,2025-09-19 09:08:04.463102,2025-10-19 09:08:04.463102
272,54,146,369524.0,Caution,Espèces,TXN852781,2025-09-13 09:08:04.463270,2025-10-13 09:08:04.463270
273,86,178,45304.0,Eau (SODECI),Chèque,TXN304367,2025-05-18 09:08:04.463430,2025-06-17 09:08:04.463430
274,32,35,256584.0,Loyer,Virement bancaire,TXN964525,2025-07-12 09:08:04.463593,2025-08-11 09:08:04.463593
275,113,161,99736.0,Électricité (CIE),Chèque,TXN215900,2025-11-30 09:08:04.463766,2025-12-30 09:08:04.463766
276,58,200,43072.0,Frais d'entretien,Chèque,TXN590910,2025-07-02 09:08:04.463947,2025-08-01 09:08:04.463947
277,127,92,129511.0,Loyer,Espèces,TXN965747,2026-02-08 09:08:04.464133,2026-03-10 09:08:04.464133
278,96,137,571218.0,Caution,Espèces,TXN741968,2025-06-15 09:08:04.464290,2025-07-15 09:08:04.464290
279,114,50,25708.0,Électricité (CIE),Espèces,TXN884088,2025-08-02 09:08:04.464438,2025-09-01 09:08:04.464438
280,132,24,26684.0,Eau (SODECI),MTN MoMo,TXN881425,2025-06-13 09:08:04.464585,2025-07-13 09:08:04.464585
281,73,195,13651.0,Eau (SODECI),Orange Money,TXN662386,2026-03-07 09:08:04.464758,2026-04-06 09:08:04.464758
282,54,106,371277.0,Caution,MTN MoMo,TXN506300,2025-12-22 09:08:04.464940,2026-01-21 09:08:04.464940
283,22,46,15009.0,Électricité (CIE),MTN MoMo,TXN472119,2025-07-10 09:08:04.465114,2025-08-09 09:08:04.465114
284,97,147,24691.0,Électricité (CIE),MTN MoMo,TXN561697,2026-03-10 09:08:04.465276,2026-04-09 09:08:04.465276
285,52,16,26925.0,Électricité (CIE),Espèces,TXN714725,2026-01-08 09:08:04.465424,2026-02-07 09:08:04.465424
286,13,175,49418.0,Eau (SODECI),Wave,TXN713807,2026-02-06 09:08:04.465571,2026-03-08 09:08:04.465571
287,19,67,45359.0,Électricité (CIE),Wave,TXN487402,2025-07-18 09:08:04.465731,2025-08-17 09:08:04.465731
288,1,32,80605.0,Frais d'entretien,Wave,TXN176119,2025-10-10 09:08:04.465906,2025-11-09 09:08:04.465906
289,77,59,83058.0,Frais d'entretien,MTN MoMo,TXN661441,2026-01-03 09:08:04.466084,2026-02-02 09:08:04.466084
290,114,47,32547.0,Frais d'entretien,Chèque,TXN207877,2025-12-17 09:08:04.466241,2026-01-16 09:08:04.466241
291,86,3,34751.0,Eau (SODECI),Orange Money,TXN644784,2026-02-18 09:08:04.466398,2026-03-20 09:08:04.466398
292,128,2,420650.0,Caution,MTN MoMo,TXN501773,2025-10-31 09:08:04.466547,2025-11-30 09:08:04.466547
293,113,180,40268.0,Électricité (CIE),Wave,TXN762926,2026-03-09 09:08:04.466708,2026-04-08 09:08:04.466708
294,68,67,18606.0,Eau (SODECI),Chèque,TXN433289,2025-07-22 09:08:04.466879,2025-08-21 09:08:04.466879
295,107,102,245995.0,Loyer,MTN MoMo,TXN491282,2025-10-03 09:08:04.467051,2025-11-02 09:08:04.467051
296,6,51,68020.0,Frais d'entretien,Chèque,TXN699040,2025-09-25 09:08:04.467220,2025-10-25 09:08:04.467220
297,20,193,41168.0,Électricité (CIE),Espèces,TXN741702,2025-05-17 09:08:04.467383,2025-06-16 09:08:04.467383
298,67,156,27108.0,Eau (SODECI),MTN MoMo,TXN752431,2025-12-08 09:08:04.467538,2026-01-07 09:08:04.467538
299,148,34,266412.0,Loyer,Espèces,TXN670795,2025-08-12 09:08:04.467705,2025-09-11 09:08:04.467705
300,125,68,12102.0,Frais d'entretien,Wave,TXN199988,2025-05-27 09:08:04.467883,2025-06-26 09:08:04.467883
301,2,125,190700.0,Loyer,Espèces,TXN291254,2025-04-22 09:08:04.468073,2025-05-22 09:08:04.468073
302,11,119,127780.0,Caution,Espèces,TXN133680,2025-12-25 09:08:04.468246,2026-01-24 09:08:04.468246
303,105,131,100457.0,Loyer,Virement bancaire,TXN216924,2025-09-02 09:08:04.468407,2025-10-02 09:08:04.468407
304,80,88,48704.0,Eau (SODECI),Wave,TXN412684,2025-08-29 09:08:04.468556,2025-09-28 09:08:04.468556
305,66,111,261763.0,Caution,Espèces,TXN145720,2025-11-29 09:08:04.480366,2025-12-29 09:08:04.480366
306,116,152,553302.0,Loyer,Orange Money,TXN708319,2026-02-10 09:08:04.480668,2026-03-12 09:08:04.480668
307,27,151,799249.0,Caution,Wave,TXN552870,2025-12-01 09:08:04.480903,2025-12-31 09:08:04.480903
308,88,112,39370.0,Frais d'entretien,Orange Money,TXN531823,2026-04-18 09:08:04.481116,2026-05-18 09:08:04.481116
309,23,83,18646.0,Électricité (CIE),Chèque,TXN902072,2025-12-04 09:08:04.481296,2026-01-03 09:08:04.481296
310,77,135,448927.0,Loyer,Wave,TXN268556,2025-08-25 09:08:04.481461,2025-09-24 09:08:04.481461
311,122,72,836751.0,Caution,MTN MoMo,TXN963548,2025-07-31 09:08:04.481622,2025-08-30 09:08:04.481622
312,101,64,46204.0,Eau (SODECI),Espèces,TXN605945,2025-12-05 09:08:04.481791,2026-01-04 09:08:04.481791
313,9,81,1389294.0,Loyer,Virement bancaire,TXN706806,2026-03-05 09:08:04.481978,2026-04-04 09:08:04.481978
314,71,165,42950.0,Électricité (CIE),Orange Money,TXN710591,2026-03-26 09:08:04.482164,2026-04-25 09:08:04.482164
315,20,141,85165.0,Électricité (CIE),Chèque,TXN135584,2025-11-24 09:08:04.482320,2025-12-24 09:08:04.482320
316,77,84,54909.0,Frais d'entretien,Orange Money,TXN252781,2025-12-09 09:08:04.482482,2026-01-08 09:08:04.482482
317,75,36,40025.0,Eau (SODECI),Espèces,TXN710444,2025-09-28 09:08:04.482663,2025-10-28 09:08:04.482663
318,41,45,45300.0,Eau (SODECI),Wave,TXN345656,2026-02-18 09:08:04.482827,2026-03-20 09:08:04.482827
319,124,10,267766.0,Loyer,Chèque,TXN380844,2025-05-21 09:08:04.483007,2025-06-20 09:08:04.483007
320,127,80,48539.0,Électricité (CIE),Espèces,TXN605411,2026-03-23 09:08:04.483191,2026-04-22 09:08:04.483191
321,121,32,6447.0,Eau (SODECI),Wave,TXN215055,2025-05-22 09:08:04.483348,2025-06-21 09:08:04.483348
322,97,39,30629.0,Eau (SODECI),Orange Money,TXN502096,2025-08-12 09:08:04.483503,2025-09-11 09:08:04.483503
323,124,106,417229.0,Caution,Espèces,TXN615650,2025-05-08 09:08:04.483674,2025-06-07 09:08:04.483674
324,39,160,383261.0,Caution,Espèces,TXN276719,2025-07-02 09:08:04.483832,2025-08-01 09:08:04.483832
325,27,153,90936.0,Frais d'entretien,Chèque,TXN659945,2025-09-23 09:08:04.484000,2025-10-23 09:08:04.484000
326,128,118,33354.0,Eau (SODECI),Chèque,TXN749959,2025-07-12 09:08:04.484167,2025-08-11 09:08:04.484167
327,79,60,120186.0,Loyer,MTN MoMo,TXN933801,2025-06-29 09:08:04.484332,2025-07-29 09:08:04.484332
328,12,19,37934.0,Électricité (CIE),Virement bancaire,TXN203647,2025-11-21 09:08:04.484512,2025-12-21 09:08:04.484512
329,5,143,230170.0,Caution,Espèces,TXN539726,2026-04-09 09:08:04.484676,2026-05-09 09:08:04.484676
330,72,127,45254.0,Électricité (CIE),MTN MoMo,TXN340062,2025-05-23 09:08:04.484831,2025-06-22 09:08:04.484831
331,71,23,457225.0,Loyer,MTN MoMo,TXN176772,2026-03-03 09:08:04.484999,2026-04-02 09:08:04.484999
332,78,81,84141.0,Frais d'entretien,Orange Money,TXN908517,2025-11-26 09:08:04.485164,2025-12-26 09:08:04.485164
333,133,61,952918.0,Caution,Orange Money,TXN240862,2025-09-11 09:08:04.485312,2025-10-11 09:08:04.485312
334,62,110,20462.0,Eau (SODECI),Wave,TXN790634,2025-12-21 09:08:04.485458,2026-01-20 09:08:04.485458
335,82,137,26521.0,Eau (SODECI),Wave,TXN135999,2026-02-22 09:08:04.485601,2026-03-24 09:08:04.485601
336,81,192,55451.0,Eau (SODECI),MTN MoMo,TXN332229,2025-12-09 09:08:04.485768,2026-01-08 09:08:04.485768
337,111,138,23096.0,Électricité (CIE),Orange Money,TXN231902,2025-12-26 09:08:04.485946,2026-01-25 09:08:04.485946
338,36,84,38057.0,Électricité (CIE),Orange Money,TXN620451,2025-10-14 09:08:04.486132,2025-11-13 09:08:04.486132
339,103,116,341796.0,Caution,Virement bancaire,TXN212566,2026-03-18 09:08:04.486295,2026-04-17 09:08:04.486295
340,124,110,721740.0,Caution,Espèces,TXN259254,2026-04-11 09:08:04.486455,2026-05-11 09:08:04.486455
341,74,28,3334472.0,Caution,Orange Money,TXN748364,2025-10-21 09:08:04.486612,2025-11-20 09:08:04.486612
342,62,82,33038.0,Électricité (CIE),Espèces,TXN807560,2025-05-16 09:08:04.486786,2025-06-15 09:08:04.486786
343,68,24,13298.0,Électricité (CIE),Virement bancaire,TXN980208,2026-01-03 09:08:04.486968,2026-02-02 09:08:04.486968
344,146,178,41267.0,Électricité (CIE),MTN MoMo,TXN891300,2025-09-07 09:08:04.487148,2025-10-07 09:08:04.487148
345,63,113,88176.0,Frais d'entretien,Wave,TXN774445,2025-09-01 09:08:04.487310,2025-10-01 09:08:04.487310
346,112,169,16883.0,Eau (SODECI),Wave,TXN929398,2026-02-04 09:08:04.487467,2026-03-06 09:08:04.487467
347,19,172,47286.0,Frais d'entretien,MTN MoMo,TXN653786,2025-06-11 09:08:04.487611,2025-07-11 09:08:04.487611
348,46,43,1065675.0,Caution,Orange Money,TXN486406,2025-12-08 09:08:04.487770,2026-01-07 09:08:04.487770
349,132,120,203404.0,Loyer,Espèces,TXN995070,2026-03-17 09:08:04.487947,2026-04-16 09:08:04.487947
350,127,132,252640.0,Caution,Virement bancaire,TXN426586,2025-08-31 09:08:04.488129,2025-09-30 09:08:04.488129
351,124,143,117467.0,Loyer,Espèces,TXN884154,2025-06-14 09:08:04.488285,2025-07-14 09:08:04.488285
352,50,31,23200.0,Eau (SODECI),Virement bancaire,TXN620178,2026-02-10 09:08:04.488431,2026-03-12 09:08:04.488431
353,3,37,7387.0,Eau (SODECI),Chèque,TXN978790,2026-01-08 09:08:04.488576,2026-02-07 09:08:04.488576
354,23,65,506025.0,Caution,Virement bancaire,TXN857009,2026-01-02 09:08:04.488735,2026-02-01 09:08:04.488735
355,47,75,59129.0,Frais d'entretien,Wave,TXN587352,2026-01-02 09:08:04.488910,2026-02-01 09:08:04.488910
356,16,15,172529.0,Loyer,Chèque,TXN988280,2025-06-06 09:08:04.489087,2025-07-06 09:08:04.489087
357,131,54,28830.0,Électricité (CIE),Orange Money,TXN909357,2025-09-23 09:08:04.489241,2025-10-23 09:08:04.489241
358,102,14,31028.0,Frais d'entretien,Virement bancaire,TXN831182,2025-05-18 09:08:04.489388,2025-06-17 09:08:04.489388
359,64,141,341046.0,Caution,Virement bancaire,TXN383486,2025-06-23 09:08:04.489537,2025-07-23 09:08:04.489537
360,52,86,15278.0,Eau (SODECI),Orange Money,TXN504339,2026-04-13 09:08:04.500285,2026-05-13 09:08:04.500285
361,97,78,8226.0,Eau (SODECI),Espèces,TXN613992,2025-08-14 09:08:04.500501,2025-09-13 09:08:04.500501
362,86,169,74062.0,Frais d'entretien,Orange Money,TXN789935,2026-03-06 09:08:04.500676,2026-04-05 09:08:04.500676
363,90,1,3353669.0,Caution,Orange Money,TXN412261,2026-01-16 09:08:04.500835,2026-02-15 09:08:04.500835
364,50,181,62080.0,Frais d'entretien,MTN MoMo,TXN378131,2026-03-23 09:08:04.501025,2026-04-22 09:08:04.501025
365,136,28,2721114.0,Caution,Virement bancaire,TXN295682,2026-02-25 09:08:04.501216,2026-03-27 09:08:04.501216
366,81,11,84599.0,Frais d'entretien,Chèque,TXN366455,2025-07-27 09:08:04.501370,2025-08-26 09:08:04.501370
367,86,144,20076.0,Frais d'entretien,Chèque,TXN888184,2025-06-26 09:08:04.501518,2025-07-26 09:08:04.501518
368,3,49,54793.0,Frais d'entretien,Wave,TXN104191,2025-07-10 09:08:04.501674,2025-08-09 09:08:04.501674
369,93,163,141294.0,Loyer,Chèque,TXN126712,2025-09-26 09:08:04.501824,2025-10-26 09:08:04.501824
370,49,106,32592.0,Électricité (CIE),MTN MoMo,TXN966824,2025-06-26 09:08:04.501993,2025-07-26 09:08:04.501993
371,128,196,37131.0,Eau (SODECI),Espèces,TXN201784,2025-12-19 09:08:04.502181,2026-01-18 09:08:04.502181
372,47,136,99628.0,Frais d'entretien,Orange Money,TXN896885,2026-02-04 09:08:04.502344,2026-03-06 09:08:04.502344
373,97,191,48342.0,Électricité (CIE),Orange Money,TXN375675,2025-12-02 09:08:04.502493,2026-01-01 09:08:04.502493
374,11,36,200095.0,Loyer,Wave,TXN893174,2025-11-06 09:08:04.502649,2025-12-06 09:08:04.502649
375,27,51,37259.0,Électricité (CIE),Wave,TXN614559,2025-05-15 09:08:04.502801,2025-06-14 09:08:04.502801
376,52,138,46375.0,Eau (SODECI),Wave,TXN862710,2026-03-30 09:08:04.502969,2026-04-29 09:08:04.502969
377,11,56,20323.0,Frais d'entretien,Virement bancaire,TXN579823,2025-05-17 09:08:04.503139,2025-06-16 09:08:04.503139
378,117,13,37971.0,Électricité (CIE),MTN MoMo,TXN771720,2025-09-09 09:08:04.503303,2025-10-09 09:08:04.503303
379,76,177,41656.0,Eau (SODECI),Chèque,TXN520198,2026-01-20 09:08:04.503453,2026-02-19 09:08:04.503453
380,28,175,208892.0,Loyer,Orange Money,TXN793063,2025-10-08 09:08:04.503609,2025-11-07 09:08:04.503609
381,126,35,278075.0,Loyer,Orange Money,TXN507255,2026-03-27 09:08:04.503772,2026-04-26 09:08:04.503772
382,65,60,27931.0,Électricité (CIE),MTN MoMo,TXN296022,2025-11-20 09:08:04.503941,2025-12-20 09:08:04.503941
383,58,181,671069.0,Caution,Espèces,TXN968916,2025-09-10 09:08:04.504111,2025-10-10 09:08:04.504111
384,83,128,39531.0,Électricité (CIE),Wave,TXN824483,2025-11-15 09:08:04.504267,2025-12-15 09:08:04.504267
385,16,101,31059.0,Frais d'entretien,MTN MoMo,TXN892198,2025-11-27 09:08:04.504426,2025-12-27 09:08:04.504426
386,81,1,5128.0,Électricité (CIE),MTN MoMo,TXN333353,2025-11-11 09:08:04.504578,2025-12-11 09:08:04.504578
387,26,95,37331.0,Eau (SODECI),Espèces,TXN391551,2025-11-08 09:08:04.504744,2025-12-08 09:08:04.504744
388,48,136,92207.0,Frais d'entretien,Orange Money,TXN385318,2025-10-14 09:08:04.504921,2025-11-13 09:08:04.504921
389,122,28,62121.0,Frais d'entretien,MTN MoMo,TXN867344,2025-12-16 09:08:04.505092,2026-01-15 09:08:04.505092
390,48,117,15050.0,Frais d'entretien,Orange Money,TXN731022,2026-03-03 09:08:04.505252,2026-04-02 09:08:04.505252
391,114,94,25569.0,Eau (SODECI),MTN MoMo,TXN594355,2026-02-21 09:08:04.505411,2026-03-23 09:08:04.505411
392,41,137,26748.0,Électricité (CIE),Espèces,TXN469011,2025-11-05 09:08:04.505559,2025-12-05 09:08:04.505559
393,147,163,49554.0,Eau (SODECI),Virement bancaire,TXN292560,2025-09-10 09:08:04.505717,2025-10-10 09:08:04.505717
394,55,97,2402470.0,Caution,MTN MoMo,TXN416297,2025-05-15 09:08:04.505877,2025-06-14 09:08:04.505877
395,103,52,30206.0,Électricité (CIE),Wave,TXN210088,2025-05-23 09:08:04.506037,2025-06-22 09:08:04.506037
396,24,188,54061.0,Frais d'entretien,Orange Money,TXN176043,2025-09-30 09:08:04.506199,2025-10-30 09:08:04.506199
397,123,16,16240.0,Eau (SODECI),Chèque,TXN812230,2025-08-31 09:08:04.506344,2025-09-30 09:08:04.506344
398,139,91,41544.0,Électricité (CIE),Chèque,TXN916677,2025-12-15 09:08:04.506504,2026-01-14 09:08:04.506504
399,64,68,16070.0,Eau (SODECI),Chèque,TXN138393,2025-12-15 09:08:04.506668,2026-01-14 09:08:04.506668
400,138,33,22439.0,Électricité (CIE),Espèces,TXN187125,2025-05-01 09:08:04.506816,2025-05-31 09:08:04.506816
401,83,61,419186.0,Loyer,Wave,TXN541787,2025-11-11 09:08:04.506986,2025-12-11 09:08:04.506986
402,124,104,43461.0,Eau (SODECI),Orange Money,TXN961886,2025-09-14 09:08:04.507169,2025-10-14 09:08:04.507169
403,112,42,103678.0,Loyer,Virement bancaire,TXN615013,2025-12-25 09:08:04.507324,2026-01-24 09:08:04.507324
404,60,17,1151510.0,Caution,Wave,TXN793482,2026-02-06 09:08:04.507485,2026-03-08 09:08:04.507485
405,82,78,36487.0,Frais d'entretien,MTN MoMo,TXN599117,2025-07-08 09:08:04.507648,2025-08-07 09:08:04.507648
406,98,54,7590.0,Eau (SODECI),Virement bancaire,TXN400048,2025-10-17 09:08:04.507800,2025-11-16 09:08:04.507800
407,18,178,310797.0,Caution,Chèque,TXN257414,2026-01-13 09:08:04.507967,2026-02-12 09:08:04.507967
408,117,21,3023305.0,Caution,Virement bancaire,TXN655361,2025-10-31 09:08:04.508130,2025-11-30 09:08:04.508130
409,114,7,10465.0,Frais d'entretien,Orange Money,TXN881512,2025-12-29 09:08:04.508278,2026-01-28 09:08:04.508278
410,94,44,185533.0,Loyer,Orange Money,TXN207269,2025-08-15 09:08:04.508424,2025-09-14 09:08:04.508424
411,132,193,1013630.0,Caution,Virement bancaire,TXN203181,2026-02-10 09:08:04.508580,2026-03-12 09:08:04.508580
412,74,13,13769.0,Électricité (CIE),Virement bancaire,TXN233520,2025-12-01 09:08:04.508740,2025-12-31 09:08:04.508740
413,10,185,30049.0,Électricité (CIE),Orange Money,TXN356862,2025-06-27 09:08:04.508902,2025-07-27 09:08:04.508902
414,70,34,15706.0,Électricité (CIE),Wave,TXN315486,2026-03-08 09:08:04.509059,2026-04-07 09:08:04.509059
415,125,18,351115.0,Caution,Virement bancaire,TXN550846,2026-03-27 09:08:04.509214,2026-04-26 09:08:04.509214
416,40,79,36183.0,Électricité (CIE),Chèque,TXN356892,2026-02-16 09:08:04.509362,2026-03-18 09:08:04.509362
417,43,164,31286.0,Eau (SODECI),Chèque,TXN111354,2025-11-02 09:08:04.509506,2025-12-02 09:08:04.509506
418,104,53,412897.0,Caution,Chèque,TXN764378,2025-06-27 09:08:04.520212,2025-07-27 09:08:04.520212
419,76,112,320983.0,Caution,Virement bancaire,TXN443123,2025-06-16 09:08:04.520489,2025-07-16 09:08:04.520489
420,66,107,32357.0,Électricité (CIE),Chèque,TXN232509,2025-06-30 09:08:04.520698,2025-07-30 09:08:04.520698
421,12,82,101965.0,Loyer,Chèque,TXN700912,2025-05-06 09:08:04.520902,2025-06-05 09:08:04.520902
422,79,187,39336.0,Électricité (CIE),MTN MoMo,TXN771483,2026-03-14 09:08:04.521085,2026-04-13 09:08:04.521085
423,61,141,87294.0,Frais d'entretien,MTN MoMo,TXN261740,2025-07-31 09:08:04.521256,2025-08-30 09:08:04.521256
424,102,63,29498.0,Électricité (CIE),Chèque,TXN276193,2026-01-03 09:08:04.521426,2026-02-02 09:08:04.521426
425,58,69,55639.0,Frais d'entretien,Espèces,TXN986962,2025-11-26 09:08:04.521597,2025-12-26 09:08:04.521597
426,30,68,369205.0,Caution,Orange Money,TXN164011,2025-06-20 09:08:04.521780,2025-07-20 09:08:04.521780
427,2,144,42735.0,Eau (SODECI),Orange Money,TXN794689,2025-12-27 09:08:04.521967,2026-01-26 09:08:04.521967
428,42,102,97130.0,Caution,Chèque,TXN609323,2025-11-09 09:08:04.522154,2025-12-09 09:08:04.522154
429,23,26,46177.0,Eau (SODECI),Chèque,TXN291749,2025-12-04 09:08:04.522318,2026-01-03 09:08:04.522318
430,103,154,148942.0,Loyer,Wave,TXN427185,2025-09-24 09:08:04.522483,2025-10-24 09:08:04.522483
431,135,102,159609.0,Caution,Chèque,TXN825299,2025-12-08 09:08:04.522655,2026-01-07 09:08:04.522655
432,93,169,13512.0,Eau (SODECI),Chèque,TXN297788,2025-08-28 09:08:04.522818,2025-09-27 09:08:04.522818
433,60,71,88975.0,Frais d'entretien,Chèque,TXN810808,2025-12-25 09:08:04.522992,2026-01-24 09:08:04.522992
434,88,112,36224.0,Frais d'entretien,Virement bancaire,TXN369379,2025-11-12 09:08:04.523171,2025-12-12 09:08:04.523171
435,66,46,121068.0,Loyer,Espèces,TXN285100,2026-01-30 09:08:04.523327,2026-03-01 09:08:04.523327
436,60,119,42214.0,Frais d'entretien,Wave,TXN246355,2025-10-17 09:08:04.523494,2025-11-16 09:08:04.523494
437,68,65,77919.0,Frais d'entretien,Virement bancaire,TXN954889,2025-04-19 09:08:04.523671,2025-05-19 09:08:04.523671
438,15,191,764720.0,Caution,Virement bancaire,TXN299885,2026-04-12 09:08:04.523836,2026-05-12 09:08:04.523836
439,15,101,58055.0,Frais d'entretien,MTN MoMo,TXN625051,2025-07-22 09:08:04.524010,2025-08-21 09:08:04.524010
440,45,175,18546.0,Eau (SODECI),Chèque,TXN831228,2025-05-15 09:08:04.524191,2025-06-14 09:08:04.524191
441,83,73,5146.0,Eau (SODECI),MTN MoMo,TXN400331,2025-11-01 09:08:04.524361,2025-12-01 09:08:04.524361
442,105,174,424885.0,Loyer,Virement bancaire,TXN646141,2025-12-15 09:08:04.524521,2026-01-14 09:08:04.524521
443,131,85,94145.0,Frais d'entretien,MTN MoMo,TXN709027,2026-01-23 09:08:04.524696,2026-02-22 09:08:04.524696
444,117,7,1326737.0,Loyer,MTN MoMo,TXN212868,2026-03-25 09:08:04.524854,2026-04-24 09:08:04.524854
445,61,150,55790.0,Frais d'entretien,Espèces,TXN591927,2026-04-14 09:08:04.525036,2026-05-14 09:08:04.525036
446,98,43,76902.0,Frais d'entretien,Wave,TXN756676,2025-10-07 09:08:04.525200,2025-11-06 09:08:04.525200
447,74,81,1108052.0,Caution,Espèces,TXN645223,2025-10-04 09:08:04.525349,2025-11-03 09:08:04.525349
448,109,158,1148275.0,Caution,Virement bancaire,TXN694395,2026-04-16 09:08:04.525498,2026-05-16 09:08:04.525498
449,37,31,30605.0,Eau (SODECI),Orange Money,TXN189229,2025-06-06 09:08:04.525670,2025-07-06 09:08:04.525670
450,101,78,4283816.0,Caution,MTN MoMo,TXN951360,2025-12-28 09:08:04.525836,2026-01-27 09:08:04.525836
451,49,179,29381.0,Eau (SODECI),Chèque,TXN969843,2025-12-10 09:08:04.526028,2026-01-09 09:08:04.526028
452,11,172,12128.0,Frais d'entretien,Espèces,TXN250858,2025-06-08 09:08:04.526200,2025-07-08 09:08:04.526200
453,80,159,123119.0,Loyer,MTN MoMo,TXN729613,2025-06-18 09:08:04.526349,2025-07-18 09:08:04.526349
454,83,103,33784.0,Eau (SODECI),Orange Money,TXN482537,2025-04-24 09:08:04.526497,2025-05-24 09:08:04.526497
455,105,181,337484.0,Loyer,Wave,TXN471777,2026-04-18 09:08:04.526665,2026-05-18 09:08:04.526665
456,98,158,98140.0,Eau (SODECI),Wave,TXN104620,2025-05-31 09:08:04.526833,2025-06-30 09:08:04.526833
457,52,107,359656.0,Loyer,MTN MoMo,TXN145154,2025-06-05 09:08:04.527014,2025-07-05 09:08:04.527014
458,88,22,25677.0,Électricité (CIE),MTN MoMo,TXN143802,2026-01-07 09:08:04.527203,2026-02-06 09:08:04.527203
459,143,75,229919.0,Électricité (CIE),Chèque,TXN499038,2025-06-26 09:08:04.527354,2025-07-26 09:08:04.527354
460,114,104,25967.0,Électricité (CIE),Chèque,TXN966415,2025-07-06 09:08:04.527499,2025-08-05 09:08:04.527499
461,24,95,73105.0,Frais d'entretien,Wave,TXN893069,2026-02-08 09:08:04.527661,2026-03-10 09:08:04.527661
462,95,81,24834.0,Électricité (CIE),Wave,TXN693432,2025-07-04 09:08:04.527829,2025-08-03 09:08:04.527829
463,82,1,32699.0,Eau (SODECI),Chèque,TXN386411,2026-03-10 09:08:04.528014,2026-04-09 09:08:04.528014
464,146,63,57961.0,Frais d'entretien,MTN MoMo,TXN686532,2025-04-25 09:08:04.528183,2025-05-25 09:08:04.528183
465,42,96,42946.0,Frais d'entretien,Chèque,TXN920207,2026-01-20 09:08:04.528331,2026-02-19 09:08:04.528331
466,18,131,99984.0,Frais d'entretien,Chèque,TXN561367,2025-10-03 09:08:04.528477,2025-11-02 09:08:04.528477
467,79,102,16239.0,Électricité (CIE),MTN MoMo,TXN630788,2025-09-27 09:08:04.528646,2025-10-27 09:08:04.528646
468,87,40,26149.0,Eau (SODECI),Orange Money,TXN333455,2025-06-23 09:08:04.528841,2025-07-23 09:08:04.528841
469,88,138,16221.0,Eau (SODECI),Espèces,TXN960209,2026-01-07 09:08:04.529039,2026-02-06 09:08:04.529039
470,39,130,1432249.0,Loyer,MTN MoMo,TXN772595,2025-06-17 09:08:04.529203,2025-07-17 09:08:04.529203
471,126,117,34247.0,Eau (SODECI),Espèces,TXN175767,2026-02-14 09:08:04.529363,2026-03-16 09:08:04.529363
472,87,58,84791.0,Frais d'entretien,MTN MoMo,TXN157151,2025-07-23 09:08:04.529509,2025-08-22 09:08:04.529509
473,59,86,27697.0,Électricité (CIE),MTN MoMo,TXN360590,2025-09-27 09:08:04.540285,2025-10-27 09:08:04.540285
474,76,53,362539.0,Caution,MTN MoMo,TXN239531,2025-11-20 09:08:04.540550,2025-12-20 09:08:04.540550
475,4,99,197444.0,Loyer,Espèces,TXN179993,2026-03-19 09:08:04.540753,2026-04-18 09:08:04.540753
476,24,70,964801.0,Caution,Wave,TXN958568,2025-08-22 09:08:04.540961,2025-09-21 09:08:04.540961
477,52,83,83011.0,Frais d'entretien,MTN MoMo,TXN119687,2025-07-09 09:08:04.541166,2025-08-08 09:08:04.541166
478,19,35,499698.0,Caution,Orange Money,TXN543931,2025-09-25 09:08:04.541340,2025-10-25 09:08:04.541340
479,44,154,27778.0,Électricité (CIE),MTN MoMo,TXN635932,2025-08-28 09:08:04.541503,2025-09-27 09:08:04.541503
480,132,32,223382.0,Caution,Wave,TXN213621,2026-04-03 09:08:04.541687,2026-05-03 09:08:04.541687
481,6,190,62256.0,Frais d'entretien,Wave,TXN958075,2026-01-17 09:08:04.541856,2026-02-16 09:08:04.541856
482,129,185,93185.0,Frais d'entretien,Orange Money,TXN833764,2026-01-05 09:08:04.542043,2026-02-04 09:08:04.542043
483,150,36,233721.0,Loyer,MTN MoMo,TXN555737,2025-08-03 09:08:04.542230,2025-09-02 09:08:04.542230
484,38,149,47798.0,Eau (SODECI),Wave,TXN889496,2025-11-05 09:08:04.542394,2025-12-05 09:08:04.542394
485,75,157,9051.0,Eau (SODECI),MTN MoMo,TXN799327,2025-04-30 09:08:04.542560,2025-05-30 09:08:04.542560
486,82,65,31140.0,Eau (SODECI),Orange Money,TXN509050,2026-02-22 09:08:04.542745,2026-03-24 09:08:04.542745
487,129,159,132000.0,Loyer,Chèque,TXN378741,2025-12-16 09:08:04.542944,2026-01-15 09:08:04.542944
488,24,192,27753.0,Électricité (CIE),Virement bancaire,TXN647429,2025-07-18 09:08:04.543123,2025-08-17 09:08:04.543123
489,127,35,5172.0,Électricité (CIE),Wave,TXN616590,2025-12-08 09:08:04.543279,2026-01-07 09:08:04.543279
490,127,141,48580.0,Eau (SODECI),Virement bancaire,TXN738273,2026-04-02 09:08:04.543428,2026-05-02 09:08:04.543428
491,47,162,39708.0,Eau (SODECI),Espèces,TXN861191,2026-01-06 09:08:04.543584,2026-02-05 09:08:04.543584
492,81,185,35959.0,Eau (SODECI),Wave,TXN797631,2026-04-08 09:08:04.543759,2026-05-08 09:08:04.543759
493,7,82,22775.0,Électricité (CIE),Orange Money,TXN108352,2026-01-02 09:08:04.543937,2026-02-01 09:08:04.543937
494,37,21,34408.0,Eau (SODECI),Espèces,TXN115089,2025-04-20 09:08:04.544112,2025-05-20 09:08:04.544112
495,10,185,18673.0,Frais d'entretien,Espèces,TXN397078,2025-05-10 09:08:04.544266,2025-06-09 09:08:04.544266
496,62,95,44531.0,Frais d'entretien,Orange Money,TXN270994,2025-10-19 09:08:04.544412,2025-11-18 09:08:04.544412
497,130,125,27054.0,Eau (SODECI),Orange Money,TXN197423,2026-04-03 09:08:04.544565,2026-05-03 09:08:04.544565
498,44,165,318118.0,Loyer,Chèque,TXN297150,2026-01-14 09:08:04.544739,2026-02-13 09:08:04.544739
499,24,88,682136.0,Caution,Chèque,TXN450893,2025-10-12 09:08:04.544916,2025-11-11 09:08:04.544916
500,107,78,1730614.0,Caution,Espèces,TXN280580,2026-04-05 09:08:04.545096,2026-05-05 09:08:04.545096
